date,symbol,action
2026-07-06,360ONE,snapshot_member
2026-07-06,3MINDIA,snapshot_member
2026-07-06,AADHARHFC,snapshot_member
2026-07-06,AARTIIND,snapshot_member
2026-07-06,AAVAS,snapshot_member
2026-07-06,ABBOTINDIA,snapshot_member
2026-07-06,ABCAPITAL,snapshot_member
2026-07-06,ABDL,snapshot_member
2026-07-06,ABFRL,snapshot_member
2026-07-06,ABLBL,snapshot_member
2026-07-06,ABREL,snapshot_member
2026-07-06,ABSLAMC,snapshot_member
2026-07-06,ACC,snapshot_member
2026-07-06,ACE,snapshot_member
2026-07-06,ACMESOLAR,snapshot_member
2026-07-06,ACUTAAS,snapshot_member
2026-07-06,AEGISLOG,snapshot_member
2026-07-06,AEGISVOPAK,snapshot_member
2026-07-06,AFCONS,snapshot_member
2026-07-06,AFFLE,snapshot_member
2026-07-06,AIAENG,snapshot_member
2026-07-06,AIIL,snapshot_member
2026-07-06,AJANTPHARM,snapshot_member
2026-07-06,ALKEM,snapshot_member
2026-07-06,AMBER,snapshot_member
2026-07-06,ANANDRATHI,snapshot_member
2026-07-06,ANANTRAJ,snapshot_member
2026-07-06,ANGELONE,snapshot_member
2026-07-06,ANTHEM,snapshot_member
2026-07-06,ANURAS,snapshot_member
2026-07-06,APARINDS,snapshot_member
2026-07-06,APLAPOLLO,snapshot_member
2026-07-06,APOLLOTYRE,snapshot_member
2026-07-06,APTUS,snapshot_member
2026-07-06,ARE&M,snapshot_member
2026-07-06,ASAHIINDIA,snapshot_member
2026-07-06,ASHOKLEY,snapshot_member
2026-07-06,ASTERDM,snapshot_member
2026-07-06,ASTRAL,snapshot_member
2026-07-06,ATGL,snapshot_member
2026-07-06,ATHERENERG,snapshot_member
2026-07-06,ATUL,snapshot_member
2026-07-06,AUBANK,snapshot_member
2026-07-06,AUROPHARMA,snapshot_member
2026-07-06,AWL,snapshot_member
2026-07-06,BAJAJHFL,snapshot_member
2026-07-06,BALKRISIND,snapshot_member
2026-07-06,BALRAMCHIN,snapshot_member
2026-07-06,BANDHANBNK,snapshot_member
2026-07-06,BANKINDIA,snapshot_member
2026-07-06,BATAINDIA,snapshot_member
2026-07-06,BAYERCROP,snapshot_member
2026-07-06,BBTC,snapshot_member
2026-07-06,BDL,snapshot_member
2026-07-06,BELRISE,snapshot_member
2026-07-06,BEML,snapshot_member
2026-07-06,BERGEPAINT,snapshot_member
2026-07-06,BHARATFORG,snapshot_member
2026-07-06,BHARTIHEXA,snapshot_member
2026-07-06,BHEL,snapshot_member
2026-07-06,BIKAJI,snapshot_member
2026-07-06,BIOCON,snapshot_member
2026-07-06,BLS,snapshot_member
2026-07-06,BLUEDART,snapshot_member
2026-07-06,BLUEJET,snapshot_member
2026-07-06,BLUESTARCO,snapshot_member
2026-07-06,BRIGADE,snapshot_member
2026-07-06,BSE,snapshot_member
2026-07-06,BSOFT,snapshot_member
2026-07-06,CAMS,snapshot_member
2026-07-06,CANFINHOME,snapshot_member
2026-07-06,CANHLIFE,snapshot_member
2026-07-06,CAPLIPOINT,snapshot_member
2026-07-06,CARBORUNIV,snapshot_member
2026-07-06,CARTRADE,snapshot_member
2026-07-06,CASTROLIND,snapshot_member
2026-07-06,CCL,snapshot_member
2026-07-06,CDSL,snapshot_member
2026-07-06,CEATLTD,snapshot_member
2026-07-06,CEMPRO,snapshot_member
2026-07-06,CENTRALBK,snapshot_member
2026-07-06,CESC,snapshot_member
2026-07-06,CGCL,snapshot_member
2026-07-06,CHALET,snapshot_member
2026-07-06,CHAMBLFERT,snapshot_member
2026-07-06,CHENNPETRO,snapshot_member
2026-07-06,CHOICEIN,snapshot_member
2026-07-06,CHOLAHLDNG,snapshot_member
2026-07-06,CIEINDIA,snapshot_member
2026-07-06,CLEAN,snapshot_member
2026-07-06,COCHINSHIP,snapshot_member
2026-07-06,COFORGE,snapshot_member
2026-07-06,COHANCE,snapshot_member
2026-07-06,COLPAL,snapshot_member
2026-07-06,CONCOR,snapshot_member
2026-07-06,CONCORDBIO,snapshot_member
2026-07-06,COROMANDEL,snapshot_member
2026-07-06,CPPLUS,snapshot_member
2026-07-06,CRAFTSMAN,snapshot_member
2026-07-06,CREDITACC,snapshot_member
2026-07-06,CRISIL,snapshot_member
2026-07-06,CROMPTON,snapshot_member
2026-07-06,CUB,snapshot_member
2026-07-06,CYIENT,snapshot_member
2026-07-06,DABUR,snapshot_member
2026-07-06,DALBHARAT,snapshot_member
2026-07-06,DATAPATTNS,snapshot_member
2026-07-06,DCMSHRIRAM,snapshot_member
2026-07-06,DEEPAKFERT,snapshot_member
2026-07-06,DEEPAKNTR,snapshot_member
2026-07-06,DELHIVERY,snapshot_member
2026-07-06,DEVYANI,snapshot_member
2026-07-06,DIXON,snapshot_member
2026-07-06,DOMS,snapshot_member
2026-07-06,ECLERX,snapshot_member
2026-07-06,EIDPARRY,snapshot_member
2026-07-06,EIHOTEL,snapshot_member
2026-07-06,ELECON,snapshot_member
2026-07-06,ELGIEQUIP,snapshot_member
2026-07-06,EMAMILTD,snapshot_member
2026-07-06,EMCURE,snapshot_member
2026-07-06,EMMVEE,snapshot_member
2026-07-06,ENDURANCE,snapshot_member
2026-07-06,ENGINERSIN,snapshot_member
2026-07-06,ERIS,snapshot_member
2026-07-06,ESCORTS,snapshot_member
2026-07-06,EXIDEIND,snapshot_member
2026-07-06,FACT,snapshot_member
2026-07-06,FEDERALBNK,snapshot_member
2026-07-06,FINCABLES,snapshot_member
2026-07-06,FIRSTCRY,snapshot_member
2026-07-06,FIVESTAR,snapshot_member
2026-07-06,FLUOROCHEM,snapshot_member
2026-07-06,FORCEMOT,snapshot_member
2026-07-06,FORTIS,snapshot_member
2026-07-06,FSL,snapshot_member
2026-07-06,GABRIEL,snapshot_member
2026-07-06,GALLANTT,snapshot_member
2026-07-06,GESHIP,snapshot_member
2026-07-06,GICRE,snapshot_member
2026-07-06,GILLETTE,snapshot_member
2026-07-06,GLAND,snapshot_member
2026-07-06,GLAXO,snapshot_member
2026-07-06,GLENMARK,snapshot_member
2026-07-06,GMDCLTD,snapshot_member
2026-07-06,GMRAIRPORT,snapshot_member
2026-07-06,GODFRYPHLP,snapshot_member
2026-07-06,GODIGIT,snapshot_member
2026-07-06,GODREJIND,snapshot_member
2026-07-06,GODREJPROP,snapshot_member
2026-07-06,GPIL,snapshot_member
2026-07-06,GRANULES,snapshot_member
2026-07-06,GRAPHITE,snapshot_member
2026-07-06,GRAVITA,snapshot_member
2026-07-06,GROWW,snapshot_member
2026-07-06,GRSE,snapshot_member
2026-07-06,GVT&D,snapshot_member
2026-07-06,HAVELLS,snapshot_member
2026-07-06,HBLENGINE,snapshot_member
2026-07-06,HDBFS,snapshot_member
2026-07-06,HEG,snapshot_member
2026-07-06,HEROMOTOCO,snapshot_member
2026-07-06,HEXT,snapshot_member
2026-07-06,HFCL,snapshot_member
2026-07-06,HINDCOPPER,snapshot_member
2026-07-06,HINDPETRO,snapshot_member
2026-07-06,HOMEFIRST,snapshot_member
2026-07-06,HONASA,snapshot_member
2026-07-06,HONAUT,snapshot_member
2026-07-06,HSCL,snapshot_member
2026-07-06,HUDCO,snapshot_member
2026-07-06,ICICIAMC,snapshot_member
2026-07-06,ICICIGI,snapshot_member
2026-07-06,ICICIPRULI,snapshot_member
2026-07-06,IDBI,snapshot_member
2026-07-06,IDEA,snapshot_member
2026-07-06,IDFCFIRSTB,snapshot_member
2026-07-06,IEX,snapshot_member
2026-07-06,IFCI,snapshot_member
2026-07-06,IGIL,snapshot_member
2026-07-06,IGL,snapshot_member
2026-07-06,IIFL,snapshot_member
2026-07-06,IKS,snapshot_member
2026-07-06,INDGN,snapshot_member
2026-07-06,INDIACEM,snapshot_member
2026-07-06,INDIAMART,snapshot_member
2026-07-06,INDIANB,snapshot_member
2026-07-06,INDUSINDBK,snapshot_member
2026-07-06,INDUSTOWER,snapshot_member
2026-07-06,INOXWIND,snapshot_member
2026-07-06,INTELLECT,snapshot_member
2026-07-06,IOB,snapshot_member
2026-07-06,IPCALAB,snapshot_member
2026-07-06,IRB,snapshot_member
2026-07-06,IRCON,snapshot_member
2026-07-06,IRCTC,snapshot_member
2026-07-06,IREDA,snapshot_member
2026-07-06,ITCHOTELS,snapshot_member
2026-07-06,ITI,snapshot_member
2026-07-06,J&KBANK,snapshot_member
2026-07-06,JAINREC,snapshot_member
2026-07-06,JBCHEPHARM,snapshot_member
2026-07-06,JBMA,snapshot_member
2026-07-06,JINDALSAW,snapshot_member
2026-07-06,JKCEMENT,snapshot_member
2026-07-06,JKTYRE,snapshot_member
2026-07-06,JMFINANCIL,snapshot_member
2026-07-06,JPPOWER,snapshot_member
2026-07-06,JSL,snapshot_member
2026-07-06,JSWCEMENT,snapshot_member
2026-07-06,JSWDULUX,snapshot_member
2026-07-06,JSWENERGY,snapshot_member
2026-07-06,JSWINFRA,snapshot_member
2026-07-06,JUBLFOOD,snapshot_member
2026-07-06,JUBLINGREA,snapshot_member
2026-07-06,JUBLPHARMA,snapshot_member
2026-07-06,JWL,snapshot_member
2026-07-06,JYOTICNC,snapshot_member
2026-07-06,KAJARIACER,snapshot_member
2026-07-06,KALYANKJIL,snapshot_member
2026-07-06,KARURVYSYA,snapshot_member
2026-07-06,KAYNES,snapshot_member
2026-07-06,KEC,snapshot_member
2026-07-06,KEI,snapshot_member
2026-07-06,KFINTECH,snapshot_member
2026-07-06,KIMS,snapshot_member
2026-07-06,KIRLOSENG,snapshot_member
2026-07-06,KPIL,snapshot_member
2026-07-06,KPITTECH,snapshot_member
2026-07-06,KPRMILL,snapshot_member
2026-07-06,LALPATHLAB,snapshot_member
2026-07-06,LATENTVIEW,snapshot_member
2026-07-06,LAURUSLABS,snapshot_member
2026-07-06,LEMONTREE,snapshot_member
2026-07-06,LENSKART,snapshot_member
2026-07-06,LGEINDIA,snapshot_member
2026-07-06,LICHSGFIN,snapshot_member
2026-07-06,LICI,snapshot_member
2026-07-06,LINDEINDIA,snapshot_member
2026-07-06,LLOYDSME,snapshot_member
2026-07-06,LTF,snapshot_member
2026-07-06,LTFOODS,snapshot_member
2026-07-06,LTTS,snapshot_member
2026-07-06,LUPIN,snapshot_member
2026-07-06,M&MFIN,snapshot_member
2026-07-06,MAHABANK,snapshot_member
2026-07-06,MANAPPURAM,snapshot_member
2026-07-06,MANKIND,snapshot_member
2026-07-06,MAPMYINDIA,snapshot_member
2026-07-06,MARICO,snapshot_member
2026-07-06,MCX,snapshot_member
2026-07-06,MEDANTA,snapshot_member
2026-07-06,MEESHO,snapshot_member
2026-07-06,MFSL,snapshot_member
2026-07-06,MGL,snapshot_member
2026-07-06,MINDACORP,snapshot_member
2026-07-06,MMTC,snapshot_member
2026-07-06,MOTILALOFS,snapshot_member
2026-07-06,MPHASIS,snapshot_member
2026-07-06,MRF,snapshot_member
2026-07-06,MRPL,snapshot_member
2026-07-06,MSUMI,snapshot_member
2026-07-06,NAM-INDIA,snapshot_member
2026-07-06,NATCOPHARM,snapshot_member
2026-07-06,NATIONALUM,snapshot_member
2026-07-06,NAUKRI,snapshot_member
2026-07-06,NAVA,snapshot_member
2026-07-06,NAVINFLUOR,snapshot_member
2026-07-06,NBCC,snapshot_member
2026-07-06,NCC,snapshot_member
2026-07-06,NETWEB,snapshot_member
2026-07-06,NEULANDLAB,snapshot_member
2026-07-06,NEWGEN,snapshot_member
2026-07-06,NH,snapshot_member
2026-07-06,NHPC,snapshot_member
2026-07-06,NIACL,snapshot_member
2026-07-06,NIVABUPA,snapshot_member
2026-07-06,NLCINDIA,snapshot_member
2026-07-06,NMDC,snapshot_member
2026-07-06,NSLNISP,snapshot_member
2026-07-06,NTPCGREEN,snapshot_member
2026-07-06,NUVAMA,snapshot_member
2026-07-06,NUVOCO,snapshot_member
2026-07-06,NYKAA,snapshot_member
2026-07-06,OBEROIRLTY,snapshot_member
2026-07-06,OFSS,snapshot_member
2026-07-06,OIL,snapshot_member
2026-07-06,OLAELEC,snapshot_member
2026-07-06,OLECTRA,snapshot_member
2026-07-06,ONESOURCE,snapshot_member
2026-07-06,PAGEIND,snapshot_member
2026-07-06,PARADEEP,snapshot_member
2026-07-06,PATANJALI,snapshot_member
2026-07-06,PAYTM,snapshot_member
2026-07-06,PCBL,snapshot_member
2026-07-06,PERSISTENT,snapshot_member
2026-07-06,PETRONET,snapshot_member
2026-07-06,PFIZER,snapshot_member
2026-07-06,PGEL,snapshot_member
2026-07-06,PHOENIXLTD,snapshot_member
2026-07-06,PIIND,snapshot_member
2026-07-06,PINELABS,snapshot_member
2026-07-06,PIRAMALFIN,snapshot_member
2026-07-06,PNBHOUSING,snapshot_member
2026-07-06,POLICYBZR,snapshot_member
2026-07-06,POLYCAB,snapshot_member
2026-07-06,POLYMED,snapshot_member
2026-07-06,POONAWALLA,snapshot_member
2026-07-06,POWERINDIA,snapshot_member
2026-07-06,PPLPHARMA,snapshot_member
2026-07-06,PREMIERENE,snapshot_member
2026-07-06,PRESTIGE,snapshot_member
2026-07-06,PTCIL,snapshot_member
2026-07-06,PVRINOX,snapshot_member
2026-07-06,PWL,snapshot_member
2026-07-06,RADICO,snapshot_member
2026-07-06,RAILTEL,snapshot_member
2026-07-06,RAINBOW,snapshot_member
2026-07-06,RAMCOCEM,snapshot_member
2026-07-06,RBLBANK,snapshot_member
2026-07-06,REDINGTON,snapshot_member
2026-07-06,RHIM,snapshot_member
2026-07-06,RITES,snapshot_member
2026-07-06,RKFORGE,snapshot_member
2026-07-06,RPOWER,snapshot_member
2026-07-06,RRKABEL,snapshot_member
2026-07-06,RVNL,snapshot_member
2026-07-06,SAGILITY,snapshot_member
2026-07-06,SAIL,snapshot_member
2026-07-06,SAILIFE,snapshot_member
2026-07-06,SAMMAANCAP,snapshot_member
2026-07-06,SAPPHIRE,snapshot_member
2026-07-06,SARDAEN,snapshot_member
2026-07-06,SAREGAMA,snapshot_member
2026-07-06,SBFC,snapshot_member
2026-07-06,SBICARD,snapshot_member
2026-07-06,SCHAEFFLER,snapshot_member
2026-07-06,SCHNEIDER,snapshot_member
2026-07-06,SCI,snapshot_member
2026-07-06,SHYAMMETL,snapshot_member
2026-07-06,SIGNATURE,snapshot_member
2026-07-06,SJVN,snapshot_member
2026-07-06,SOBHA,snapshot_member
2026-07-06,SONACOMS,snapshot_member
2026-07-06,SONATSOFTW,snapshot_member
2026-07-06,SPLPETRO,snapshot_member
2026-07-06,SRF,snapshot_member
2026-07-06,STARHEALTH,snapshot_member
2026-07-06,SUMICHEM,snapshot_member
2026-07-06,SUNDARMFIN,snapshot_member
2026-07-06,SUNTV,snapshot_member
2026-07-06,SUPREMEIND,snapshot_member
2026-07-06,SUZLON,snapshot_member
2026-07-06,SWANCORP,snapshot_member
2026-07-06,SWIGGY,snapshot_member
2026-07-06,SYNGENE,snapshot_member
2026-07-06,SYRMA,snapshot_member
2026-07-06,TARIL,snapshot_member
2026-07-06,TATACHEM,snapshot_member
2026-07-06,TATACOMM,snapshot_member
2026-07-06,TATAELXSI,snapshot_member
2026-07-06,TATAINVEST,snapshot_member
2026-07-06,TATATECH,snapshot_member
2026-07-06,TBOTEK,snapshot_member
2026-07-06,TECHNOE,snapshot_member
2026-07-06,TEGA,snapshot_member
2026-07-06,TEJASNET,snapshot_member
2026-07-06,TENNIND,snapshot_member
2026-07-06,THELEELA,snapshot_member
2026-07-06,THERMAX,snapshot_member
2026-07-06,TIINDIA,snapshot_member
2026-07-06,TIMKEN,snapshot_member
2026-07-06,TITAGARH,snapshot_member
2026-07-06,TORNTPOWER,snapshot_member
2026-07-06,TRAVELFOOD,snapshot_member
2026-07-06,TRIDENT,snapshot_member
2026-07-06,TRITURBINE,snapshot_member
2026-07-06,TTML,snapshot_member
2026-07-06,UBL,snapshot_member
2026-07-06,UCOBANK,snapshot_member
2026-07-06,UNOMINDA,snapshot_member
2026-07-06,UPL,snapshot_member
2026-07-06,URBANCO,snapshot_member
2026-07-06,USHAMART,snapshot_member
2026-07-06,UTIAMC,snapshot_member
2026-07-06,VIJAYA,snapshot_member
2026-07-06,VMM,snapshot_member
2026-07-06,VOLTAS,snapshot_member
2026-07-06,VTL,snapshot_member
2026-07-06,WAAREEENER,snapshot_member
2026-07-06,WELCORP,snapshot_member
2026-07-06,WELSPUNLIV,snapshot_member
2026-07-06,WHIRLPOOL,snapshot_member
2026-07-06,WOCKPHARMA,snapshot_member
2026-07-06,YESBANK,snapshot_member
2026-07-06,ZEEL,snapshot_member
2026-07-06,ZENSARTECH,snapshot_member
2026-07-06,ZENTEC,snapshot_member
2026-07-06,ZFCVINDIA,snapshot_member
2026-07-06,ZYDUSWELL,snapshot_member
2016-04-29,ADVANTA,remove
2016-04-29,GULFOILLUB,add
2016-04-29,JINDALSAW,remove
2016-04-29,SHK,add
2016-04-29,TCI,remove
2016-04-29,TVTODAY,add
2016-09-30,63MOONS,remove
2016-09-30,AARTIDRUGS,remove
2016-09-30,ABGSHIP,remove
2016-09-30,ABIRLANUVO,add
2016-09-30,ALKEM,add
2016-09-30,APLAPOLLO,add
2016-09-30,ASHIANA,remove
2016-09-30,CARBORUNIV,add
2016-09-30,CASTEXTECH,remove
2016-09-30,CCAVENUE,add
2016-09-30,CEMPRO,add
2016-09-30,CGPOWER,add
2016-09-30,COFFEEDAY,add
2016-09-30,ELECTCAST,remove
2016-09-30,ELGIEQUIP,remove
2016-09-30,EQUITAS,add
2016-09-30,ESSDEE,remove
2016-09-30,GLOBOFFS,remove
2016-09-30,HLVLTD,remove
2016-09-30,HMT,remove
2016-09-30,IDFCFIRSTB,add
2016-09-30,IFBIND,remove
2016-09-30,KIRLOSENG,remove
2016-09-30,KSB,add
2016-09-30,KSK,remove
2016-09-30,LALPATHLAB,add
2016-09-30,LINDEINDIA,add
2016-09-30,MFSL,add
2016-09-30,MINDACORP,remove
2016-09-30,MYSOREBANK,add
2016-09-30,NAVINFLUOR,add
2016-09-30,NH,add
2016-09-30,NILKAMAL,add
2016-09-30,OCL,add
2016-09-30,PARSVNATH,remove
2016-09-30,PEL,remove
2016-09-30,PURVA,remove
2016-09-30,RATNAMANI,remove
2016-09-30,RCOM,add
2016-09-30,RECLTD,add
2016-09-30,RELIGARE,add
2016-09-30,SADBHIN,remove
2016-09-30,SBT,add
2016-09-30,SFCL,add
2016-09-30,STYRENIX,remove
2016-09-30,SUDARCOLOR,remove
2016-09-30,SUPRAJIT,add
2016-09-30,TBZ,remove
2016-09-30,TREEHOUSE,remove
2016-09-30,TTML,remove
2016-09-30,VAIBHAVGBL,remove
2016-09-30,VIYASH,add
2016-10-24,CROMPTON,add
2016-10-24,HAVELLS,remove
2017-01-23,ADVENZYMES,add
2017-01-23,ASAHIINDIA,add
2017-01-23,DISHMAN,remove
2017-01-23,MFSL,remove
2017-01-23,OCL,remove
2017-01-23,RBLBANK,add
2017-01-23,SFCL,remove
2017-01-23,UJJIVAN,add
2017-03-31,ALOKTEXT,remove
2017-03-31,ANDHRAPAP,remove
2017-03-31,APOLLOHOSP,add
2017-03-31,BHARATFORG,add
2017-03-31,BRFL,remove
2017-03-31,BRIGADE,remove
2017-03-31,CASTROLIND,add
2017-03-31,CROMPTON,add
2017-03-31,DBL,add
2017-03-31,DYNAMATECH,remove
2017-03-31,ENDURANCE,add
2017-03-31,FLFL,remove
2017-03-31,FMGOETZE,add
2017-03-31,FRETAIL,add
2017-03-31,GHCL,add
2017-03-31,GNFC,add
2017-03-31,GUJALKALI,add
2017-03-31,HAVELLS,remove
2017-03-31,INGERRAND,remove
2017-03-31,JPINFRATEC,remove
2017-03-31,JPPOWER,remove
2017-03-31,JSWHL,remove
2017-03-31,KNRCON,add
2017-03-31,KSB,remove
2017-03-31,LAOPALA,remove
2017-03-31,LINDEINDIA,remove
2017-03-31,LITL,remove
2017-03-31,LTM,add
2017-03-31,LTTS,add
2017-03-31,MAHLIFE,remove
2017-03-31,MAXINDIA,add
2017-03-31,MAYURUNIQ,remove
2017-03-31,MGL,add
2017-03-31,MINDACORP,add
2017-03-31,MYSOREBANK,remove
2017-03-31,NAVA,add
2017-03-31,NAVNETEDUL,add
2017-03-31,PARAGMILK,add
2017-03-31,PETRONET,remove
2017-03-31,QUESS,add
2017-03-31,RATNAMANI,add
2017-03-31,RECLTD,remove
2017-03-31,SBBJ,remove
2017-03-31,SBT,remove
2017-03-31,SHILPI,add
2017-03-31,SHOPERSTOP,remove
2017-03-31,SIMPLEXINF,remove
2017-03-31,SINTEX,remove
2017-03-31,SITINET,remove
2017-03-31,STLTECH,add
2017-03-31,SUDARSCHEM,add
2017-03-31,SUPRAJIT,remove
2017-03-31,TATAINVEST,add
2017-03-31,THYROCARE,add
2017-03-31,UNOMINDA,add
2017-03-31,VIYASH,remove
2017-05-26,ABIRLANUVO,remove
2017-05-26,LAURUSLABS,add
2017-05-26,PNBHOUSING,add
2017-05-26,SUNTV,remove
2017-05-26,TUBEINVEST,remove
2017-05-26,VBL,add
2017-06-23,IIFL,remove
2017-06-23,SFL,add
2017-09-29,AMTEKAUTO,remove
2017-09-29,ANANTRAJ,remove
2017-09-29,ASAHIINDIA,remove
2017-09-29,BRFL,add
2017-09-29,BRIGADE,add
2017-09-29,BSE,add
2017-09-29,DHANI,add
2017-09-29,DIVISLAB,add
2017-09-29,FDC,remove
2017-09-29,FLFL,add
2017-09-29,FMGOETZE,remove
2017-09-29,GRINDWELL,remove
2017-09-29,HERITGFOOD,add
2017-09-29,HMVL,remove
2017-09-29,HONAUT,remove
2017-09-29,IFBIND,add
2017-09-29,INGERRAND,add
2017-09-29,ITDC,add
2017-09-29,ITI,add
2017-09-29,JINDALSAW,add
2017-09-29,JMTAUTOLTD,remove
2017-09-29,JPPOWER,add
2017-09-29,JSL,add
2017-09-29,JSLHISAR,add
2017-09-29,KNRCON,remove
2017-09-29,LINDEINDIA,add
2017-09-29,MFSL,add
2017-09-29,MRF,remove
2017-09-29,NFL,add
2017-09-29,NITINFIRE,remove
2017-09-29,ORISSAMINE,remove
2017-09-29,PUNJLLOYD,remove
2017-09-29,RATNAMANI,remove
2017-09-29,RELAXO,remove
2017-09-29,RELCAPITAL,remove
2017-09-29,RIIL,remove
2017-09-29,ROLTA,remove
2017-09-29,RUCHISOYA,remove
2017-09-29,RUPA,add
2017-09-29,SHOPERSTOP,add
2017-09-29,STCINDIA,remove
2017-09-29,SUPPETRO,add
2017-09-29,SUPRAJIT,add
2017-09-29,TIMETECHNO,add
2017-09-29,TRITURBINE,remove
2017-09-29,UBL,add
2017-09-29,UNITEDBNK,add
2017-09-29,VEEDOL,remove
2017-09-29,VESUVIUS,add
2017-09-29,VSTIND,remove
2017-09-29,WONDERLA,remove
2017-09-29,ZYDUSWELL,remove
2017-10-30,FRETAIL,remove
2017-10-30,HUDCO,add
2017-11-13,AUBANK,add
2017-11-13,RELAXO,add
2017-11-13,SHILPI,remove
2017-11-13,SUNDARMFIN,remove
2017-11-20,GAYAPROJ,remove
2017-11-20,STARCEMENT,add
2018-02-05,CESC,remove
2018-02-05,CHOLAHLDNG,add
2018-02-05,COCHINSHIP,add
2018-02-05,FORTIS,remove
2018-02-05,HATSUN,add
2018-02-05,POLARIS,remove
2018-02-05,RELCAPITAL,add
2018-02-05,STAR,remove
2018-04-02,ADANIENT,remove
2018-04-02,AHLUCONT,remove
2018-04-02,APARINDS,remove
2018-04-02,ASAHIINDIA,add
2018-04-02,ASTRAZEN,remove
2018-04-02,CDSL,add
2018-04-02,CORPBANK,remove
2018-04-02,DALMIABHA,remove
2018-04-02,DCAL,add
2018-04-02,DHANUKA,remove
2018-04-02,DIXON,add
2018-04-02,EPL,remove
2018-04-02,ERIS,add
2018-04-02,GLAXO,add
2018-04-02,GLENMARK,add
2018-04-02,GODREJAGRO,add
2018-04-02,GRAPHITE,add
2018-04-02,GSKCONS,add
2018-04-02,HEG,add
2018-04-02,HONAUT,add
2018-04-02,HSCL,add
2018-04-02,ICICIGI,add
2018-04-02,ICRA,remove
2018-04-02,IEX,add
2018-04-02,IGARASHI,remove
2018-04-02,IIFL,add
2018-04-02,INGERRAND,remove
2018-04-02,KNRCON,add
2018-04-02,LINDEINDIA,remove
2018-04-02,MASFIN,add
2018-04-02,MONSANTO,remove
2018-04-02,NAVNETEDUL,remove
2018-04-02,NESCO,add
2018-04-02,RHFL,add
2018-04-02,SADBHIN,add
2018-04-02,SCHNEIDER,remove
2018-04-02,SHANKARA,add
2018-04-02,SHARDACROP,remove
2018-04-02,SHILPAMED,remove
2018-04-02,SIS,add
2018-04-02,SNOWMAN,remove
2018-04-02,SOMANYCERA,remove
2018-04-02,SPTL,add
2018-04-02,SUPPETRO,remove
2018-04-02,SUPRAJIT,remove
2018-04-02,TATAPOWER,add
2018-04-02,TORNTPHARM,add
2018-04-02,UNITEDBNK,remove
2018-04-02,VESUVIUS,remove
2018-04-02,VIDEOIND,remove
2018-04-02,ZENSARTECH,remove
2018-06-29,ARVIND,remove
2018-06-29,ASTERDM,add
2018-06-29,FRETAIL,add
2018-06-29,HTMEDIA,remove
2018-06-29,KIOCL,add
2018-06-29,TATACOMM,remove
2018-06-29,TIINDIA,add
2018-08-08,BDL,add
2018-08-08,TECHNO,remove
2018-09-28,ABAN,remove
2018-09-28,ACLGATI,remove
2018-09-28,ASAHIINDIA,remove
2018-09-28,BAJAJHIND,remove
2018-09-28,BALLARPUR,remove
2018-09-28,BFUTILITIE,remove
2018-09-28,BGRENERGY,remove
2018-09-28,BIOCON,remove
2018-09-28,BRFL,remove
2018-09-28,BSOFT,remove
2018-09-28,CUMMINSIND,add
2018-09-28,DBREALTY,remove
2018-09-28,ELGIEQUIP,add
2018-09-28,EMAMILTD,add
2018-09-28,EXCELCROP,add
2018-09-28,FDC,add
2018-09-28,GALAXYSURF,add
2018-09-28,GAYAPROJ,add
2018-09-28,GRINDWELL,add
2018-09-28,HAL,add
2018-09-28,HDIL,remove
2018-09-28,ICICIGI,remove
2018-09-28,ISEC,add
2018-09-28,JBFIND,remove
2018-09-28,JINDALPOLY,remove
2018-09-28,KESORAMIND,remove
2018-09-28,KITEX,remove
2018-09-28,KWALITY,remove
2018-09-28,LEMONTREE,add
2018-09-28,LINDEINDIA,add
2018-09-28,LUXIND,add
2018-09-28,MAHLOG,add
2018-09-28,MARKSANS,remove
2018-09-28,MONSANTO,add
2018-09-28,MTNL,remove
2018-09-28,NAM-INDIA,add
2018-09-28,PFC,add
2018-09-28,PHILIPCARB,add
2018-09-28,PNB,add
2018-09-28,RAMCOSYS,remove
2018-09-28,RECLTD,add
2018-09-28,RELIGARE,remove
2018-09-28,RTNPOWER,remove
2018-09-28,SFL,remove
2018-09-28,SHILPAMED,add
2018-09-28,SMLMAH,remove
2018-09-28,STAR,add
2018-09-28,SUNDARMFIN,add
2018-09-28,TATASTLBSL,remove
2018-09-28,TEAMLEASE,add
2018-09-28,UNITECH,remove
2018-09-28,VENKEYS,add
2018-09-28,VMART,add
2018-09-28,ZEELEARN,remove
2018-09-28,ZENSARTECH,add
2018-09-28,ZYDUSWELL,add
2018-12-28,ABREL,remove
2018-12-28,ADANIGREEN,add
2018-12-28,AGI,remove
2018-12-28,BHARATFIN,remove
2018-12-28,CAPF,remove
2018-12-28,FORTIS,add
2018-12-28,IIFL,remove
2018-12-28,RITES,add
2018-12-28,SFL,add
2018-12-28,VARROC,add
2019-01-28,CORPBANK,add
2019-01-28,CREDITACC,add
2019-01-28,DENABANK,remove
2019-01-28,VIJAYABANK,remove
2019-03-29,AARTIIND,remove
2019-03-29,AAVAS,add
2019-03-29,ABCAPITAL,add
2019-03-29,ASTRAZEN,add
2019-03-29,BAJAJHLDNG,remove
2019-03-29,BEL,add
2019-03-29,BOSCH-HCIL,remove
2019-03-29,CESC,add
2019-03-29,DEEPAKNTR,add
2019-03-29,DEN,remove
2019-03-29,DIVISLAB,remove
2019-03-29,DREDGECORP,remove
2019-03-29,EPL,add
2019-03-29,EROSMEDIA,remove
2019-03-29,EVEREADY,remove
2019-03-29,FINEORG,add
2019-03-29,GREENPLY,remove
2019-03-29,GVKPIL,remove
2019-03-29,HCC,remove
2019-03-29,IBULLSLTD,add
2019-03-29,ICIL,remove
2019-03-29,ICRA,add
2019-03-29,INDOSTAR,add
2019-03-29,IRCON,add
2019-03-29,JAMNAAUTO,add
2019-03-29,JKIL,remove
2019-03-29,JKPAPER,add
2019-03-29,JPPOWER,remove
2019-03-29,KEI,add
2019-03-29,KIRLOSENG,add
2019-03-29,LICHSGFIN,add
2019-03-29,MAHABANK,add
2019-03-29,MAHSCOOTER,add
2019-03-29,MAHSEAMLES,add
2019-03-29,MANPASAND,remove
2019-03-29,MCLEODRUSS,remove
2019-03-29,NAVKARCORP,remove
2019-03-29,OIL,add
2019-03-29,ORIENTELEC,add
2019-03-29,PAGEIND,remove
2019-03-29,PFS,remove
2019-03-29,RNAVAL,remove
2019-03-29,SADBHIN,remove
2019-03-29,SECURKLOUD,remove
2019-03-29,SHARDACROP,add
2019-03-29,SUNTV,add
2019-03-29,SUPRAJIT,add
2019-03-29,TATASTLLP,remove
2019-03-29,TCNSBRANDS,add
2019-03-29,TEXRAIL,remove
2019-03-29,TRITURBINE,add
2019-03-29,TVSSRICHAK,remove
2019-03-29,UBL,remove
2019-03-29,UNICHEMLAB,remove
2019-03-29,VSTIND,add
2019-04-15,EXCELCROP,remove
2019-04-15,TVSHLTD,add
2019-06-28,CHALET,add
2019-06-28,DALBHARAT,add
2019-06-28,GFLLIMITED,remove
2019-06-28,MONSANTO,remove
2019-09-24,JETAIRWAYS,remove
2019-09-24,VAIBHAVGBL,add
2019-09-27,ABBOTINDIA,add
2019-09-27,AMBER,add
2019-09-27,ARVINDFASN,add
2019-09-27,ATGL,add
2019-09-27,BAYERCROP,add
2019-09-27,BERGEPAINT,remove
2019-09-27,BHEL,add
2019-09-27,BOSCH-HCIL,add
2019-09-27,BSOFT,add
2019-09-27,CGCL,add
2019-09-27,DEEPAKFERT,remove
2019-09-27,DEN,add
2019-09-27,FMGOETZE,add
2019-09-27,GARFIBRES,add
2019-09-27,GDL,remove
2019-09-27,GRUH,remove
2019-09-27,GSKCONS,remove
2019-09-27,IIFL,add
2019-09-27,INDOCO,remove
2019-09-27,INOXWIND,remove
2019-09-27,JPASSOCIAT,remove
2019-09-27,KIOCL,remove
2019-09-27,KPITTECH,add
2019-09-27,MCX,add
2019-09-27,METROPOLIS,add
2019-09-27,MRF,add
2019-09-27,PFC,remove
2019-09-27,PNB,remove
2019-09-27,POLYCAB,add
2019-09-27,RATNAMANI,add
2019-09-27,RCOM,remove
2019-09-27,RHFL,remove
2019-09-27,RHIM,add
2019-09-27,RKFORGE,remove
2019-09-27,RUPA,remove
2019-09-27,RVNL,add
2019-09-27,SAIL,add
2019-09-27,SCI,remove
2019-09-27,SHANKARA,remove
2019-09-27,SHARDACROP,remove
2019-09-27,SPTL,remove
2019-09-27,SREINFRA,remove
2019-09-27,TATACOFFEE,remove
2019-09-27,TCIEXP,add
2019-09-27,TECHNOE,add
2019-09-27,THOMASCOOK,remove
2019-09-27,TNPL,remove
2019-09-27,TRITURBINE,remove
2019-12-26,AFFLE,add
2019-12-26,CGPOWER,remove
2019-12-26,COFFEEDAY,remove
2019-12-26,MIDHANI,add
2019-12-26,RESPONIND,add
2019-12-27,AARTIIND,add
2019-12-27,ALBK,remove
2019-12-27,ANDHRABANK,remove
2019-12-27,ASAHIINDIA,add
2019-12-27,CORPBANK,remove
2019-12-27,DEN,remove
2019-12-27,HATHWAY,remove
2019-12-27,INDIAMART,add
2019-12-27,KENNAMET,add
2019-12-27,MAXINDIA,remove
2019-12-27,ORIENTBANK,remove
2019-12-27,SPANDANA,add
2019-12-27,SPICEJET,add
2019-12-27,SYNDIBANK,remove
2019-12-27,TASTYBITE,add
2019-12-27,TATACHEM,remove
2019-12-27,TRITURBINE,add
2019-12-27,WESTLIFE,add
2020-01-16,SUVEN,remove
2020-01-16,TATASTLBSL,add
2020-03-19,ADANIENSOL,remove
2020-03-19,SWSOLAR,add
2020-03-27,360ONE,add
2020-03-27,ABREL,add
2020-03-27,ADANIENSOL,remove
2020-03-27,ALKYLAMINE,add
2020-03-27,ASHOKLEY,add
2020-03-27,BHARATRAS,add
2020-03-27,BLISSGVS,remove
2020-03-27,CEMPRO,remove
2020-03-27,DHFL,remove
2020-03-27,FLUOROCHEM,add
2020-03-27,FSC,add
2020-03-27,GAYAPROJ,remove
2020-03-27,GMMPFAUDLR,add
2020-03-27,GRSE,add
2020-03-27,HATHWAY,add
2020-03-27,IBULLSLTD,remove
2020-03-27,IDBI,remove
2020-03-27,IDEA,add
2020-03-27,IFCI,remove
2020-03-27,INGERRAND,add
2020-03-27,IRCTC,add
2020-03-27,JISLJALEQS,remove
2020-03-27,JTEKTINDIA,add
2020-03-27,KENNAMET,remove
2020-03-27,KIRLOSENG,remove
2020-03-27,LAKSHVILAS,remove
2020-03-27,LTM,remove
2020-03-27,MAHLIFE,add
2020-03-27,NAUKRI,remove
2020-03-27,NAVNETEDUL,add
2020-03-27,NFL,remove
2020-03-27,PARAGMILK,remove
2020-03-27,PCJEWELLER,remove
2020-03-27,POONAWALLA,remove
2020-03-27,RELCAPITAL,remove
2020-03-27,RELINFRA,remove
2020-03-27,RPOWER,remove
2020-03-27,SAMMAANCAP,add
2020-03-27,SCI,add
2020-03-27,SHARDACROP,add
2020-03-27,SHILPAMED,add
2020-03-27,SHILPAMED,remove
2020-03-27,SWSOLAR,add
2020-03-27,TASTYBITE,remove
2020-03-27,TATACOMM,add
2020-03-27,TATASTLLP,add
2020-03-27,TCI,add
2020-03-27,TORNTPHARM,remove
2020-03-27,TVSHLTD,remove
2020-03-27,VESUVIUS,add
2020-03-27,WABAG,remove
2020-03-27,YESBANK,add
2020-03-27,YESBANK,remove
2020-06-26,360ONE,add
2020-06-26,ABB,add
2020-06-26,ABBOTINDIA,remove
2020-06-26,ABREL,add
2020-06-26,ALKYLAMINE,add
2020-06-26,ASHOKLEY,add
2020-06-26,BHARATRAS,add
2020-06-26,CEMPRO,remove
2020-06-26,CHALET,remove
2020-06-26,CSBBANK,add
2020-06-26,DHANUKA,add
2020-06-26,DHFL,remove
2020-06-26,ESABINDIA,add
2020-06-26,FLFL,remove
2020-06-26,FLUOROCHEM,add
2020-06-26,FMGOETZE,remove
2020-06-26,GAYAPROJ,remove
2020-06-26,GMMPFAUDLR,add
2020-06-26,GRSE,add
2020-06-26,HATHWAY,add
2020-06-26,IBULLSLTD,remove
2020-06-26,IDEA,add
2020-06-26,IGL,remove
2020-06-26,INDOCO,add
2020-06-26,INGERRAND,add
2020-06-26,IRCTC,add
2020-06-26,JISLJALEQS,remove
2020-06-26,KENNAMET,remove
2020-06-26,KIRLOSENG,remove
2020-06-26,KSB,add
2020-06-26,LAKSHVILAS,remove
2020-06-26,LAOPALA,add
2020-06-26,MUTHOOTFIN,remove
2020-06-26,NAUKRI,remove
2020-06-26,NETWORK18,remove
2020-06-26,NIACL,add
2020-06-26,PARAGMILK,remove
2020-06-26,PCJEWELLER,remove
2020-06-26,POLYMED,add
2020-06-26,POONAWALLA,remove
2020-06-26,RELCAPITAL,remove
2020-06-26,RELINFRA,remove
2020-06-26,RESPONIND,remove
2020-06-26,RPOWER,remove
2020-06-26,SAMMAANCAP,add
2020-06-26,SCHNEIDER,add
2020-06-26,SCI,add
2020-06-26,SHILPAMED,remove
2020-06-26,SHK,remove
2020-06-26,SUMICHEM,add
2020-06-26,TATACOMM,add
2020-06-26,TECHNOE,remove
2020-06-26,TORNTPHARM,remove
2020-06-26,TRITURBINE,remove
2020-06-26,TVSHLTD,remove
2020-06-26,UJJIVANSFB,add
2020-06-26,VESUVIUS,add
2020-06-26,VIYASH,add
2020-06-26,WABAG,remove
2020-09-14,ARVINDFASN,remove
2020-09-14,ASAHIINDIA,remove
2020-09-14,JTEKTINDIA,add
2020-09-14,KPITTECH,remove
2020-09-14,NOCIL,add
2020-09-14,PSPPROJECT,add
2020-09-14,REPCOHOME,remove
2020-09-14,SPANDANA,remove
2020-09-14,SWARAJENG,add
2020-09-14,TATACOFFEE,add
2020-11-02,ALLCARGO,remove
2020-11-02,NETWORK18,add
2020-11-25,CCAVENUE,remove
2020-11-25,CIEINDIA,add
2021-03-31,ADANIENT,remove
2021-03-31,ANGELONE,add
2021-03-31,APOLLOHOSP,remove
2021-03-31,ASAHIINDIA,add
2021-03-31,BALAMINES,add
2021-03-31,BANKBARODA,add
2021-03-31,BOMDYEING,remove
2021-03-31,CAMS,add
2021-03-31,CARERATING,remove
2021-03-31,CHENNPETRO,remove
2021-03-31,CONCOR,add
2021-03-31,DBCORP,remove
2021-03-31,ESABINDIA,remove
2021-03-31,GICRE,add
2021-03-31,GMDCLTD,remove
2021-03-31,HAPPSTMNDS,add
2021-03-31,HATHWAY,remove
2021-03-31,HEMIPROP,add
2021-03-31,HERITGFOOD,remove
2021-03-31,HINDZINC,add
2021-03-31,ICIL,add
2021-03-31,ICRA,remove
2021-03-31,INTELLECT,add
2021-03-31,JAGRAN,remove
2021-03-31,JAICORPLTD,remove
2021-03-31,JUBLFOOD,remove
2021-03-31,KOLTEPATIL,remove
2021-03-31,KPITTECH,add
2021-03-31,KPRMILL,add
2021-03-31,KTKBANK,remove
2021-03-31,MAXHEALTH,add
2021-03-31,MAZDOCK,add
2021-03-31,MRF,remove
2021-03-31,NAVNETEDUL,remove
2021-03-31,OFSS,add
2021-03-31,OMAXE,remove
2021-03-31,ORIENTCEM,remove
2021-03-31,PFC,add
2021-03-31,PRAJIND,remove
2021-03-31,PRINCEPIPE,add
2021-03-31,PSPPROJECT,remove
2021-03-31,PTC,remove
2021-03-31,RESPONIND,add
2021-03-31,ROSSARI,add
2021-03-31,ROUTE,add
2021-03-31,SHARDACROP,add
2021-03-31,SOUTHBANK,remove
2021-03-31,SPANDANA,add
2021-03-31,SWARAJENG,remove
2021-03-31,TANLA,add
2021-03-31,TRITURBINE,add
2021-03-31,TVSHLTD,add
2021-03-31,TVTODAY,remove
2021-03-31,UTIAMC,add
2021-03-31,VALIANTORG,add
2021-03-31,VRLLOG,remove
2021-03-31,YESBANK,remove
2021-04-29,BURGERKING,add
2021-04-29,CCAVENUE,add
2021-04-29,GHCL,remove
2021-04-29,TATASTLBSL,remove
2021-09-30,ABBOTINDIA,add
2021-09-30,ALKEM,add
2021-09-30,ANURAS,add
2021-09-30,BALMLAWRIE,remove
2021-09-30,BANKBARODA,remove
2021-09-30,BLISSGVS,remove
2021-09-30,CGPOWER,add
2021-09-30,CHOLAFIN,remove
2021-09-30,DCAL,remove
2021-09-30,DISHTV,remove
2021-09-30,EQUITASBNK,add
2021-09-30,FACT,add
2021-09-30,FCONSUMER,remove
2021-09-30,GRSE,remove
2021-09-30,GULFOILLUB,remove
2021-09-30,GVPIL,remove
2021-09-30,HATHWAY,add
2021-09-30,HGS,add
2021-09-30,HIKAL,add
2021-09-30,HOMEFIRST,add
2021-09-30,HSCL,remove
2021-09-30,HUHTAMAKI,remove
2021-09-30,INDIGOPNTS,add
2021-09-30,IRFC,add
2021-09-30,JINDALSTEL,remove
2021-09-30,JSWDULUX,remove
2021-09-30,JTEKTINDIA,remove
2021-09-30,JUBLINGREA,add
2021-09-30,JUBLPHARMA,add
2021-09-30,KALYANKJIL,add
2021-09-30,LODHA,add
2021-09-30,LXCHEM,add
2021-09-30,MAHSCOOTER,remove
2021-09-30,MAHSEAMLES,remove
2021-09-30,MASFIN,remove
2021-09-30,MASTEK,add
2021-09-30,MRF,add
2021-09-30,NAZARA,add
2021-09-30,PETRONET,add
2021-09-30,PIIND,remove
2021-09-30,POONAWALLA,add
2021-09-30,PRAJIND,add
2021-09-30,RAILTEL,add
2021-09-30,RAYMOND,remove
2021-09-30,RESPONIND,remove
2021-09-30,SAIL,remove
2021-09-30,SHOPERSTOP,remove
2021-09-30,SWANCORP,remove
2021-09-30,TATAINVEST,remove
2021-09-30,TATASTLLP,add
2021-09-30,TTML,add
2021-09-30,TVSHLTD,remove
2021-09-30,UBL,add
2021-09-30,VSTIND,remove
2021-10-29,GMRAIRPORT,remove
2021-10-29,SONACOMS,add
2022-03-31,ABSLAMC,add
2022-03-31,ALEMBICLTD,remove
2022-03-31,ALIVUS,add
2022-03-31,ALLCARGO,add
2022-03-31,APTUS,add
2022-03-31,ASHOKA,remove
2022-03-31,AUROPHARMA,add
2022-03-31,BAJAJCON,remove
2022-03-31,BCG,add
2022-03-31,BHARATRAS,remove
2022-03-31,BORORENEW,add
2022-03-31,BOSCH-HCIL,remove
2022-03-31,CGCL,remove
2022-03-31,CHEMPLASTS,add
2022-03-31,CLEAN,add
2022-03-31,DCBBANK,remove
2022-03-31,DEVYANI,add
2022-03-31,DHANUKA,remove
2022-03-31,EASEMYTRIP,add
2022-03-31,FRETAIL,remove
2022-03-31,GILLETTE,remove
2022-03-31,GOCOLORS,add
2022-03-31,GREAVESCOT,remove
2022-03-31,GRINFRA,add
2022-03-31,HEIDELBERG,remove
2022-03-31,HINDPETRO,add
2022-03-31,HLEGLAS,add
2022-03-31,IGL,add
2022-03-31,INGERRAND,remove
2022-03-31,IOLCP,remove
2022-03-31,JINDALSAW,remove
2022-03-31,JINDALSTEL,add
2022-03-31,JKTYRE,remove
2022-03-31,KIMS,add
2022-03-31,KSB,remove
2022-03-31,KSCL,remove
2022-03-31,LAOPALA,remove
2022-03-31,LATENTVIEW,add
2022-03-31,LEMONTREE,remove
2022-03-31,MAPMYINDIA,add
2022-03-31,MEDPLUS,add
2022-03-31,METROBRAND,add
2022-03-31,MIDHANI,remove
2022-03-31,MINDACORP,remove
2022-03-31,MINDTREE,remove
2022-03-31,NFL,remove
2022-03-31,NILKAMAL,remove
2022-03-31,NUVOCO,add
2022-03-31,POLICYBZR,add
2022-03-31,PRIVISCL,add
2022-03-31,RENUKA,add
2022-03-31,RTNINDIA,add
2022-03-31,SAPPHIRE,add
2022-03-31,SAREGAMA,add
2022-03-31,SCHNEIDER,remove
2022-03-31,SHARDACROP,remove
2022-03-31,SHYAMMETL,add
2022-03-31,SPANDANA,remove
2022-03-31,SRF,remove
2022-03-31,STARCEMENT,remove
2022-03-31,STARHEALTH,add
2022-03-31,TASTYBITE,remove
2022-03-31,TATAINVEST,add
2022-03-31,UJJIVAN,remove
2022-03-31,UJJIVANSFB,remove
2022-03-31,VALIANTORG,remove
2022-03-31,VIJAYA,add
2022-03-31,YESBANK,add
2022-04-07,MTARTECH,add
2022-04-07,SUPPETRO,remove
2022-04-12,BEML,remove
2022-04-12,CGCL,add
2022-05-04,AARTIIND,remove
2022-05-04,GMRAIRPORT,add
2022-05-31,JSLHISAR,remove
2022-05-31,TRIVENI,add
2022-08-08,CAMPUS,add
2022-08-08,DELHIVERY,add
2022-08-08,SHRIRAMCIT,remove
2022-08-08,TATAPOWER,remove
2022-09-30,ADVENZYMES,remove
2022-09-30,AETHER,add
2022-09-30,ALIVUS,remove
2022-09-30,ATGL,remove
2022-09-30,AWL,add
2022-09-30,BEL,remove
2022-09-30,BHARATRAS,add
2022-09-30,DEEPAKFERT,add
2022-09-30,EQUITAS,remove
2022-09-30,ERIS,remove
2022-09-30,GREENPANEL,add
2022-09-30,HAL,remove
2022-09-30,HATHWAY,remove
2022-09-30,HEMIPROP,remove
2022-09-30,ICIL,remove
2022-09-30,IRCON,remove
2022-09-30,IRCTC,remove
2022-09-30,JBMA,add
2022-09-30,JUBLFOOD,add
2022-09-30,LUPIN,add
2022-09-30,MAHLIFE,add
2022-09-30,MANYAVAR,add
2022-09-30,MPHASIS,remove
2022-09-30,MSUMI,add
2022-09-30,NESCO,remove
2022-09-30,NIITLTD,add
2022-09-30,OLECTRA,add
2022-09-30,PATANJALI,add
2022-09-30,PNB,add
2022-09-30,RAILTEL,remove
2022-09-30,RAYMOND,add
2022-09-30,SAIL,add
2022-09-30,SHARDACROP,add
2022-09-30,SHOPERSTOP,add
2022-09-30,SOLARA,remove
2022-09-30,SPICEJET,remove
2022-09-30,STAR,remove
2022-09-30,SWANCORP,add
2022-09-30,TATASTLLP,remove
2022-09-30,TCI,add
2022-09-30,TEJASNET,add
2022-09-30,UCOBANK,remove
2022-09-30,VAKRANGEE,remove
2022-09-30,VENKEYS,remove
2022-09-30,VIYASH,remove
2022-09-30,ZYDUSLIFE,add
2022-12-30,ALLCARGO,remove
2022-12-30,BEML,add
2022-12-30,LEMONTREE,add
2022-12-30,NIITLTD,remove
2022-12-30,RAINBOW,add
2022-12-30,SAREGAMA,remove
2022-12-30,SCI,remove
2022-12-30,UCOBANK,add
2023-02-17,INOXLEISUR,remove
2023-02-17,PPLPHARMA,add
2023-03-31,AARTIIND,add
2023-03-31,ABB,remove
2023-03-31,ABSLAMC,remove
2023-03-31,ACI,add
2023-03-31,ADANIPOWER,add
2023-03-31,ALOKINDS,remove
2023-03-31,APARINDS,add
2023-03-31,ASTRAZEN,remove
2023-03-31,AWL,remove
2023-03-31,BANDHANBNK,add
2023-03-31,BHARATRAS,remove
2023-03-31,BIKAJI,add
2023-03-31,BIOCON,add
2023-03-31,BLS,add
2023-03-31,CANBK,remove
2023-03-31,CAPLIPOINT,remove
2023-03-31,CRAFTSMAN,add
2023-03-31,DATAPATTNS,add
2023-03-31,DBL,remove
2023-03-31,DHANI,remove
2023-03-31,EPIGRAL,add
2023-03-31,FIVESTAR,add
2023-03-31,GLAND,add
2023-03-31,HATSUN,remove
2023-03-31,INDOCO,remove
2023-03-31,INGERRAND,add
2023-03-31,JINDWORLD,add
2023-03-31,KENNAMET,add
2023-03-31,KFINTECH,add
2023-03-31,KSB,add
2023-03-31,MEDANTA,add
2023-03-31,MOIL,remove
2023-03-31,MPHASIS,add
2023-03-31,NMDC,add
2023-03-31,PAGEIND,remove
2023-03-31,PAYTM,add
2023-03-31,PEL,add
2023-03-31,PGHL,remove
2023-03-31,PRIVISCL,remove
2023-03-31,RUSTOMJEE,add
2023-03-31,SFL,remove
2023-03-31,SHILPAMED,remove
2023-03-31,SIS,remove
2023-03-31,SUDARSCHEM,remove
2023-03-31,SYMPHONY,remove
2023-03-31,TATACOFFEE,remove
2023-03-31,THYROCARE,remove
2023-03-31,TMB,add
2023-03-31,VBL,remove
2023-03-31,WOCKPHARMA,remove
2023-04-28,BAJAJELEC,remove
2023-04-28,EDELWEISS,remove
2023-04-28,ERIS,add
2023-04-28,NSLNISP,add
2023-07-13,JINDALSTEL,remove
2023-07-13,MANKIND,add
2023-10-26,CONCORDBIO,add
2023-10-26,KIRLFER,remove
2024-03-28,AARTIDRUGS,remove
2024-03-28,ACE,add
2024-03-28,ADANIPOWER,remove
2024-03-28,ANANDRATHI,add
2024-03-28,ASTRAZEN,add
2024-03-28,AWL,add
2024-03-28,BCG,remove
2024-03-28,CAPLIPOINT,add
2024-03-28,CCAVENUE,remove
2024-03-28,CELLO,add
2024-03-28,CHENNPETRO,add
2024-03-28,DELTACORP,remove
2024-03-28,DOMS,add
2024-03-28,ELECON,add
2024-03-28,EPIGRAL,remove
2024-03-28,GALAXYSURF,remove
2024-03-28,GMDCLTD,add
2024-03-28,GOCOLORS,remove
2024-03-28,GRINFRA,remove
2024-03-28,GRSE,add
2024-03-28,GUJALKALI,remove
2024-03-28,HAPPYFORGE,add
2024-03-28,HBLENGINE,add
2024-03-28,HLEGLAS,remove
2024-03-28,HONASA,add
2024-03-28,HSCL,add
2024-03-28,INGERRAND,remove
2024-03-28,INOXWIND,add
2024-03-28,IREDA,add
2024-03-28,IRFC,remove
2024-03-28,JAIBALAJI,add
2024-03-28,JAMNAAUTO,remove
2024-03-28,JSWINFRA,add
2024-03-28,JWL,add
2024-03-28,LLOYDSME,add
2024-03-28,LMW,remove
2024-03-28,LUXIND,remove
2024-03-28,MAHSEAMLES,add
2024-03-28,MUTHOOTFIN,add
2024-03-28,NAZARA,remove
2024-03-28,NUVAMA,add
2024-03-28,ORIENTELEC,remove
2024-03-28,PFC,remove
2024-03-28,PFIZER,remove
2024-03-28,PGHH,add
2024-03-28,PGHL,remove
2024-03-28,PIIND,add
2024-03-28,POLYPLEX,remove
2024-03-28,RAILTEL,add
2024-03-28,RAIN,remove
2024-03-28,RALLIS,remove
2024-03-28,RECLTD,remove
2024-03-28,RELAXO,remove
2024-03-28,RKFORGE,add
2024-03-28,ROSSARI,remove
2024-03-28,RRKABEL,add
2024-03-28,SBFC,add
2024-03-28,SCHNEIDER,add
2024-03-28,SFL,remove
2024-03-28,SHARDACROP,remove
2024-03-28,SHOPERSTOP,remove
2024-03-28,SIGNATURE,add
2024-03-28,SUPRAJIT,remove
2024-03-28,SYMPHONY,remove
2024-03-28,TATATECH,add
2024-03-28,TEAMLEASE,remove
2024-03-28,TITAGARH,add
2024-03-28,TMB,add
2024-03-28,TTKPRESTIG,remove
2024-03-28,TVSSCS,add
2024-03-28,UPL,add
2024-03-28,VGUARD,remove
2024-03-28,VINATIORGA,remove
2024-03-28,VMART,remove
2024-03-28,ZYDUSWELL,remove
2024-10-10,EMCURE,add
2024-10-10,IDFC,remove
2024-10-16,AKUMS,add
2024-10-16,TV18BRDCST,remove
2025-03-21,ISEC,remove
2025-03-21,RAYMONDLSL,add
2025-03-28,AAVAS,remove
2025-03-28,ABBOTINDIA,remove
2025-03-28,ABCAPITAL,remove
2025-03-28,ABDL,add
2025-03-28,ABHAPOWER,add
2025-03-28,ACC,remove
2025-03-28,ACMESOLAR,add
2025-03-28,ADANIPORTS,remove
2025-03-28,AEGISLOG,add
2025-03-28,AFCONS,add
2025-03-28,AFFLE,add
2025-03-28,AGARWALTUF,add
2025-03-28,AHIMSA,add
2025-03-28,AIIL,add
2025-03-28,ALKEM,add
2025-03-28,AMBER,add
2025-03-28,ANANTRAJ,add
2025-03-28,ANUP,add
2025-03-28,ANURAS,remove
2025-03-28,ANYA,add
2025-03-28,APEXECO,add
2025-03-28,APLAPOLLO,remove
2025-03-28,APOLLOHOSP,remove
2025-03-28,APOLLOTYRE,remove
2025-03-28,ASAHIINDIA,remove
2025-03-28,ASHOKLEY,add
2025-03-28,ASTERDM,add
2025-03-28,ATGL,add
2025-03-28,ATUL,remove
2025-03-28,AURIONPRO,add
2025-03-28,AUROPHARMA,remove
2025-03-28,AVL,add
2025-03-28,AWFIS,add
2025-03-28,BAJAJ-AUTO,remove
2025-03-28,BAJAJCON,remove
2025-03-28,BAJAJELEC,remove
2025-03-28,BAJAJHFL,add
2025-03-28,BAJAJHLDNG,remove
2025-03-28,BALKRISIND,remove
2025-03-28,BALMLAWRIE,remove
2025-03-28,BALRAMCHIN,remove
2025-03-28,BALUFORGE,add
2025-03-28,BANDHANBNK,remove
2025-03-28,BANSALWIRE,add
2025-03-28,BARFLEX,add
2025-03-28,BATAINDIA,remove
2025-03-28,BAYERCROP,remove
2025-03-28,BEL,remove
2025-03-28,BEML,add
2025-03-28,BHARTIHEXA,add
2025-03-28,BHEL,add
2025-03-28,BLACKBUCK,add
2025-03-28,BPCL,remove
2025-03-28,BRIGADE,add
2025-03-28,BRITANNIA,remove
2025-03-28,C2C,add
2025-03-28,CAMS,add
2025-03-28,CANFINHOME,remove
2025-03-28,CDSL,add
2025-03-28,CEIGALL,add
2025-03-28,CENTRALBK,remove
2025-03-28,CESC,add
2025-03-28,CHENNPETRO,remove
2025-03-28,CHOLAHLDNG,remove
2025-03-28,CIPLA,add
2025-03-28,COFORGE,add
2025-03-28,COHANCE,add
2025-03-28,CONCOR,remove
2025-03-28,CONFIPET,remove
2025-03-28,COROMANDEL,remove
2025-03-28,CUB,remove
2025-03-28,CYIENTDLM,add
2025-03-28,DALBHARAT,remove
2025-03-28,DBCORP,add
2025-03-28,DBREALTY,add
2025-03-28,DELTACORP,remove
2025-03-28,DELTIC,add
2025-03-28,DEN,remove
2025-03-28,DEVYANI,add
2025-03-28,DHANLAXMI,add
2025-03-28,DHANUKA,remove
2025-03-28,DIRL,add
2025-03-28,DISHTV,remove
2025-03-28,DLF,remove
2025-03-28,DREAMFOLKS,remove
2025-03-28,EIEL,add
2025-03-28,EMAMILTD,add
2025-03-28,ESAFSFB,remove
2025-03-28,ETERNAL,add
2025-03-28,ETML,add
2025-03-28,EUREKAFORB,add
2025-03-28,EVEREADY,remove
2025-03-28,FACT,remove
2025-03-28,FEDERALBNK,remove
2025-03-28,FINCABLES,remove
2025-03-28,FIRSTCRY,add
2025-03-28,FIVESTAR,add
2025-03-28,FORTIS,add
2025-03-28,FSL,add
2025-03-28,FUSION,remove
2025-03-28,GANECOS,add
2025-03-28,GANESHIN,add
2025-03-28,GARFIBRES,add
2025-03-28,GICRE,add
2025-03-28,GMDCLTD,remove
2025-03-28,GNFC,remove
2025-03-28,GOCOLORS,remove
2025-03-28,GODFRYPHLP,add
2025-03-28,GRINDWELL,remove
2025-03-28,GUJALKALI,remove
2025-03-28,GUJENERGY,remove
2025-03-28,HAPPSTMNDS,remove
2025-03-28,HAPPYFORGE,remove
2025-03-28,HARSHA,remove
2025-03-28,HINDOILEXP,remove
2025-03-28,HINDPETRO,add
2025-03-28,HINDWAREAP,remove
2025-03-28,HNDFDS,remove
2025-03-28,HSCL,add
2025-03-28,HUDCO,add
2025-03-28,HYUNDAI,add
2025-03-28,IDEA,add
2025-03-28,IDEAFORGE,remove
2025-03-28,IDENTICAL,add
2025-03-28,IEX,add
2025-03-28,IGIL,add
2025-03-28,IGL,remove
2025-03-28,IKS,add
2025-03-28,INDHOTEL,remove
2025-03-28,INDIAMART,remove
2025-03-28,INDIGO,add
2025-03-28,INOXWIND,add
2025-03-28,INTELLECT,remove
2025-03-28,IOB,remove
2025-03-28,IPCALAB,remove
2025-03-28,IPL,remove
2025-03-28,ITI,add
2025-03-28,JKCEMENT,remove
2025-03-28,JLHL,remove
2025-03-28,JSWDULUX,add
2025-03-28,JSWHL,add
2025-03-28,JSWINFRA,remove
2025-03-28,JTEKTINDIA,remove
2025-03-28,JUNIPER,remove
2025-03-28,JYOTHYLAB,remove
2025-03-28,JYOTICNC,add
2025-03-28,KALAMANDIR,remove
2025-03-28,KALYANKJIL,add
2025-03-28,KARURVYSYA,remove
2025-03-28,KAYNES,add
2025-03-28,KEC,add
2025-03-28,KEI,add
2025-03-28,KFINTECH,add
2025-03-28,KOLTEPATIL,remove
2025-03-28,KPIGREEN,add
2025-03-28,KPIL,remove
2025-03-28,KPITTECH,remove
2025-03-28,LAMOSAIC,add
2025-03-28,LANDMARK,remove
2025-03-28,LLOYDSENT,add
2025-03-28,LTF,remove
2025-03-28,LTM,add
2025-03-28,LTTS,remove
2025-03-28,MAHLOG,remove
2025-03-28,MAHSCOOTER,add
2025-03-28,MAITHANALL,remove
2025-03-28,MANAPPURAM,remove
2025-03-28,MANKIND,add
2025-03-28,MARICO,add
2025-03-28,MARUTI,add
2025-03-28,MAXESTATES,add
2025-03-28,MAXHEALTH,add
2025-03-28,MCX,remove
2025-03-28,METROBRAND,remove
2025-03-28,METROPOLIS,remove
2025-03-28,MGL,remove
2025-03-28,MHRIL,remove
2025-03-28,MINDACORP,add
2025-03-28,MOTILALOFS,add
2025-03-28,MRF,remove
2025-03-28,MUTHOOTMF,remove
2025-03-28,NEELAM,add
2025-03-28,NETWORK18,add
2025-03-28,NEWGEN,add
2025-03-28,NH,remove
2025-03-28,NHPC,add
2025-03-28,NIITMTS,remove
2025-03-28,NIVABUPA,add
2025-03-28,NLCINDIA,remove
2025-03-28,NMSTEEL,add
2025-03-28,NRBBEARING,remove
2025-03-28,NSLNISP,remove
2025-03-28,NTPCGREEN,add
2025-03-28,NUVAMA,add
2025-03-28,OFSS,add
2025-03-28,OIL,add
2025-03-28,OLAELEC,add
2025-03-28,OLECTRA,remove
2025-03-28,ONYX,add
2025-03-28,ORIENTELEC,remove
2025-03-28,PAGEIND,add
2025-03-28,PATANJALI,add
2025-03-28,PAYTM,add
2025-03-28,PCBL,add
2025-03-28,PCJEWELLER,add
2025-03-28,PEL,remove
2025-03-28,PFIZER,add
2025-03-28,PGHH,remove
2025-03-28,PGHL,remove
2025-03-28,PGIL,add
2025-03-28,PHOENIXLTD,add
2025-03-28,PNBHOUSING,add
2025-03-28,PNCINFRA,remove
2025-03-28,PNGJL,add
2025-03-28,POLICYBZR,add
2025-03-28,POWERINDIA,add
2025-03-28,PREMIERENE,add
2025-03-28,PRESTIGE,add
2025-03-28,PRSMJOHNSN,add
2025-03-28,PURPLEUTED,add
2025-03-28,PURVA,remove
2025-03-28,PVRINOX,remove
2025-03-28,RAJPUTANA,add
2025-03-28,RAMKY,remove
2025-03-28,RATNAMANI,remove
2025-03-28,RAYMOND,remove
2025-03-28,RAYMONDLSL,add
2025-03-28,RBLBANK,remove
2025-03-28,REDINGTON,remove
2025-03-28,REFEX,add
2025-03-28,ROLEXRINGS,remove
2025-03-28,RPOWER,add
2025-03-28,RTNPOWER,add
2025-03-28,RVNL,add
2025-03-28,SAGILITY,add
2025-03-28,SAIL,remove
2025-03-28,SAILIFE,add
2025-03-28,SAMMAANCAP,remove
2025-03-28,SANDUMA,remove
2025-03-28,SANGHIIND,remove
2025-03-28,SANGHVIMOV,remove
2025-03-28,SANOFICONR,add
2025-03-28,SAREGAMA,remove
2025-03-28,SATKARTAR,add
2025-03-28,SCHAEFFLER,remove
2025-03-28,SCHNEIDER,remove
2025-03-28,SFML,add
2025-03-28,SHAILY,add
2025-03-28,SHAKTIPUMP,add
2025-03-28,SHARDACROP,add
2025-03-28,SHARDAMOTR,remove
2025-03-28,SHOPERSTOP,add
2025-03-28,SINDHUTRAD,remove
2025-03-28,SKIPPER,add
2025-03-28,SONACOMS,add
2025-03-28,SPLPETRO,remove
2025-03-28,SRF,remove
2025-03-28,SSWL,remove
2025-03-28,SUNDARMFIN,remove
2025-03-28,SUNDRMFAST,remove
2025-03-28,SUPREMEIND,add
2025-03-28,SUZLON,remove
2025-03-28,SWIGGY,add
2025-03-28,SWSOLAR,remove
2025-03-28,TANLA,remove
2025-03-28,TARIL,add
2025-03-28,TATACOMM,remove
2025-03-28,TATASTEEL,remove
2025-03-28,TCIEXP,remove
2025-03-28,THANGAMAYL,add
2025-03-28,TIINDIA,add
2025-03-28,TIRUMALCHM,remove
2025-03-28,TORNTPOWER,add
2025-03-28,TRANSRAILL,add
2025-03-28,TRENT,add
2025-03-28,TRIDENT,remove
2025-03-28,TTML,remove
2025-03-28,UCOBANK,remove
2025-03-28,UNIMECH,add
2025-03-28,UNIONBANK,add
2025-03-28,UPL,remove
2025-03-28,UTKARSHBNK,remove
2025-03-28,VEEDOL,remove
2025-03-28,VENKEYS,remove
2025-03-28,VENTIVE,add
2025-03-28,VINATIORGA,remove
2025-03-28,VMM,add
2025-03-28,VTL,remove
2025-03-28,WAAREEENER,add
2025-03-28,WEBELSOLAR,add
2025-03-28,WELCORP,add
2025-03-28,WIPRO,add
2025-03-28,WSTCSTPAPR,remove
2025-03-28,YESBANK,add
2025-03-28,ZAGGLE,add
2025-03-28,ZEEL,remove
2025-04-11,QUESS,remove
2025-04-11,SUNDRMFAST,add
2025-09-23,PEL,remove
2025-09-23,RELINFRA,add
2025-09-30,ABLBL,add
2025-09-30,AEGISVOPAK,add
2025-09-30,AGARWALEYE,add
2025-09-30,ALIVUS,remove
2025-09-30,ATHERENERG,add
2025-09-30,BLUEJET,add
2025-09-30,CHOICEIN,add
2025-09-30,DABUR,add
2025-09-30,FORCEMOT,add
2025-09-30,GNFC,remove
2025-09-30,GPPL,remove
2025-09-30,HEROMOTOCO,add
2025-09-30,HEXT,add
2025-09-30,HINDZINC,remove
2025-09-30,ICICIPRULI,add
2025-09-30,INDUSINDBK,add
2025-09-30,ITCHOTELS,add
2025-09-30,JSWDULUX,add
2025-09-30,JSWHL,remove
2025-09-30,JUSTDIAL,remove
2025-09-30,KANSAINER,remove
2025-09-30,KNRCON,remove
2025-09-30,KSB,add
2025-09-30,MAHSCOOTER,add
2025-09-30,MASTEK,remove
2025-09-30,MAXHEALTH,remove
2025-09-30,MAZDOCK,remove
2025-09-30,NETWORK18,remove
2025-09-30,NUVOCO,add
2025-09-30,ONESOURCE,add
2025-09-30,PGHH,add
2025-09-30,PNCINFRA,remove
2025-09-30,RAYMOND,remove
2025-09-30,RAYMONDLSL,remove
2025-09-30,RENUKA,remove
2025-09-30,ROUTE,remove
2025-09-30,RTNINDIA,remove
2025-09-30,SOLARINDS,remove
2025-09-30,SWIGGY,add
2025-09-30,SWSOLAR,remove
2025-09-30,TANLA,remove
2025-09-30,THELEELA,add
2025-09-30,VENTIVE,add
2025-09-30,WESTLIFE,remove
2025-12-31,JSWCEMENT,add
2025-12-31,SKFINDIA,remove
2026-03-30,ABDL,add
2026-03-30,ACUTAAS,add
2026-03-30,AGARWALEYE,remove
2026-03-30,AKUMS,remove
2026-03-30,ALKYLAMINE,remove
2026-03-30,ALOKINDS,remove
2026-03-30,ANTHEM,add
2026-03-30,ANURAS,add
2026-03-30,APLLTD,remove
2026-03-30,ASTRAZEN,remove
2026-03-30,BAJAJHFL,add
2026-03-30,BASF,remove
2026-03-30,BELRISE,add
2026-03-30,CAMPUS,remove
2026-03-30,CANHLIFE,add
2026-03-30,CARTRADE,add
2026-03-30,CEMPRO,add
2026-03-30,CENTURYPLY,remove
2026-03-30,CERA,remove
2026-03-30,CPPLUS,add
2026-03-30,CUMMINSIND,remove
2026-03-30,DBREALTY,remove
2026-03-30,EMMVEE,add
2026-03-30,FINPIPE,remove
2026-03-30,GABRIEL,add
2026-03-30,GALLANTT,add
2026-03-30,GODREJAGRO,remove
2026-03-30,GROWW,add
2026-03-30,GUJENERGY,remove
2026-03-30,HAPPSTMNDS,remove
2026-03-30,HAVELLS,add
2026-03-30,HDBFS,add
2026-03-30,HDFCAMC,remove
2026-03-30,ICICIAMC,add
2026-03-30,ICICIGI,add
2026-03-30,INOXINDIA,remove
2026-03-30,JAINREC,add
2026-03-30,JSWENERGY,add
2026-03-30,JYOTHYLAB,remove
2026-03-30,KIRLOSBROS,remove
2026-03-30,KSB,remove
2026-03-30,LENSKART,add
2026-03-30,LGEINDIA,add
2026-03-30,LICI,add
2026-03-30,MAHSCOOTER,remove
2026-03-30,MAHSEAMLES,remove
2026-03-30,MANYAVAR,remove
2026-03-30,MEESHO,add
2026-03-30,METROPOLIS,remove
2026-03-30,MUTHOOTFIN,remove
2026-03-30,NAUKRI,add
2026-03-30,PARADEEP,add
2026-03-30,PGHH,remove
2026-03-30,PINELABS,add
2026-03-30,PIRAMALFIN,add
2026-03-30,PRAJIND,remove
2026-03-30,PWL,add
2026-03-30,RCF,remove
2026-03-30,RELINFRA,remove
2026-03-30,SPLPETRO,add
2026-03-30,SUNDRMFAST,remove
2026-03-30,TEGA,add
2026-03-30,TENNIND,add
2026-03-30,TRAVELFOOD,add
2026-03-30,TRIVENI,remove
2026-03-30,UNIONBANK,remove
2026-03-30,URBANCO,add
2026-03-30,VENTIVE,remove
2026-03-30,VGUARD,remove
2026-03-30,ZYDUSWELL,add
2026-05-12,CIEINDIA,add
2026-05-12,GSPL,remove
2026-07-17,PFOCUS,add
2026-07-17,JBCHEPHARM,remove
